{
    "weight_memory_embedding": 204800000.0,
    "weight_memory_last_layernorm": 6400.0,
    "weight_memory_layer": 245772800.0,
    "optimizer_state_memory_embedding": 1228800000.0,
    "optimizer_state_memory_per_layer": 1474636800.0,
    "optimizer_state_memory_last_layernorm": 38400.0,
    "gradient_memory_embedding": 409600000.0,
    "gradient_memory_per_layer": 491545600.0,
    "gradient_memory_last_layernorm": 12800.0,
    "activation_memory_per_layer": 143360000.0,
    "activation_memory_embedding_output_per_layer": 2867200000.0,
    "activation_memory_layernorm_per_layer": 0,
    "embedding_memory": 4710400000.0,
    "normal_layer_memory": 25068556800.0,
    "total_memory": 29778956800.0,
    "memory_left": 13170716160.0,
    "latency_fwd_per_layer": 0.04469577725148801,
    "latency_fwd_input_embedding": 0.0002394621455714703,
    "latency_fwd_output_embedding_loss": 0.03419439475253429,
    "embedding_latency": 0.03419439475253429,
    "normal_layer_latency": 0.40226199526339207,
    "total_latency": 0.43645639001592634
}